{"cameraMode":{"drawMode":0,"name":"Shaded","section":"Shading Mode"},"sceneLighting":true,"audioPlay":false,"sceneViewState":{"showFog":true,"showMaterialUpdate":false,"showSkybox":true,"showFlares":true,"showImageEffects":true,"showParticleSystems":true},"in2DMode":false,"pivot":{"x":363.98382568359377,"y":279.0,"z":-137.3543243408203},"rotation":{"x":-0.28977787494659426,"y":0.244793102145195,"z":-0.07693222165107727,"w":-0.9220556616783142},"size":588.6251220703125,"orthographic":true}