{"cameraMode":{"drawMode":0,"name":"Shaded","section":"Shading Mode"},"sceneLighting":true,"audioPlay":false,"sceneViewState":{"showFog":true,"showMaterialUpdate":false,"showSkybox":true,"showFlares":true,"showImageEffects":true,"showParticleSystems":true},"in2DMode":false,"pivot":{"x":1.8484084606170655,"y":5.434167861938477,"z":-4.044180870056152},"rotation":{"x":-0.5373906493186951,"y":0.0055594658479094509,"z":-0.003544434905052185,"w":-0.8433077335357666},"size":105.64854431152344,"orthographic":false}