{"cameraMode":{"drawMode":0,"name":"Shaded","section":"Shading Mode"},"sceneLighting":true,"audioPlay":false,"sceneViewState":{"showFog":true,"showMaterialUpdate":false,"showSkybox":true,"showFlares":true,"showImageEffects":true,"showParticleSystems":true},"in2DMode":false,"pivot":{"x":363.98382568359377,"y":279.0,"z":-137.3543243408203},"rotation":{"x":-0.2754465639591217,"y":0.43525850772857668,"z":-0.14182887971401215,"w":-0.8453187942504883},"size":244.16860961914063,"orthographic":true}