{"cameraMode":{"drawMode":0,"name":"Shaded","section":"Shading Mode"},"sceneLighting":true,"audioPlay":false,"sceneViewState":{"showFog":true,"showMaterialUpdate":false,"showSkybox":true,"showFlares":true,"showImageEffects":true,"showParticleSystems":true},"in2DMode":false,"pivot":{"x":0.6694103479385376,"y":8.063672065734864,"z":0.43285518884658816},"rotation":{"x":-0.7024339437484741,"y":-0.0006435420946218073,"z":0.0006342667620629072,"w":-0.7117484211921692},"size":11.603202819824219,"orthographic":false}