{"cameraMode":{"drawMode":0,"name":"Shaded","section":"Shading Mode"},"sceneLighting":true,"audioPlay":false,"sceneViewState":{"showFog":true,"showMaterialUpdate":false,"showSkybox":true,"showFlares":true,"showImageEffects":true,"showParticleSystems":true},"in2DMode":false,"pivot":{"x":363.98382568359377,"y":279.0,"z":-137.3543243408203},"rotation":{"x":-0.25831714272499087,"y":0.5495354533195496,"z":-0.18363629281520844,"w":-0.7730205655097961},"size":52.981483459472659,"orthographic":true}