{"cameraMode":{"drawMode":0,"name":"Shaded","section":"Shading Mode"},"sceneLighting":true,"audioPlay":false,"sceneViewState":{"showFog":true,"showMaterialUpdate":false,"showSkybox":true,"showFlares":true,"showImageEffects":true,"showParticleSystems":true},"in2DMode":false,"pivot":{"x":537.4993896484375,"y":657.3090209960938,"z":-53.740478515625},"rotation":{"x":-0.23641817271709443,"y":-0.034394051879644397,"z":0.008372773416340351,"w":-0.9710063934326172},"size":588.260986328125,"orthographic":false}