{"cameraMode":{"drawMode":0,"name":"Shaded","section":"Shading Mode"},"sceneLighting":true,"audioPlay":false,"sceneViewState":{"showFog":true,"showMaterialUpdate":false,"showSkybox":true,"showFlares":true,"showImageEffects":true,"showParticleSystems":true},"in2DMode":false,"pivot":{"x":-0.951858639717102,"y":14.467864990234375,"z":-22.03862762451172},"rotation":{"x":-0.5857815742492676,"y":0.006558530032634735,"z":-0.004742319695651531,"w":-0.8104286193847656},"size":239.73330688476563,"orthographic":false}