{"cameraMode":{"drawMode":0,"name":"Shaded","section":"Shading Mode"},"sceneLighting":true,"audioPlay":false,"sceneViewState":{"showFog":true,"showMaterialUpdate":false,"showSkybox":true,"showFlares":true,"showImageEffects":true,"showParticleSystems":true},"in2DMode":false,"pivot":{"x":12.187786102294922,"y":25.136714935302736,"z":-0.6725910902023315},"rotation":{"x":0.279349684715271,"y":-0.7102570533752441,"z":0.3792990446090698,"w":0.5230974555015564},"size":14.741867065429688,"orthographic":false}